product_id,product_name,overall_rating,price,product_details,ratings,reviews,user_score,top_reviews,pos_3,neg_3,score,sentiment
4obtb7,"Hipbrat, Red/ MatteLiquid/ LipstickPack of 1",3.8,103.0,"Name : Hipbrat, Red/ MatteLiquid/ LipstickPack of 1|Product Name : Hipbrat, Red/ MatteLiquid/ LipstickPack of 1|Brand Name : Hipbrat|Finish : Long Wearing & Transfer Resistant|Color : Combo Of Pink Red Maroon|Type : Waterproof|Net Quantity (N) : 6|Add On : Eye Liner|4 LIPSTIC ANDEYELINER KAJAL PACK||Country of Origin : India",19451.0,6351.0,1.4487823317364763,"it is very good, it is water proof :red_heart: but it is missing the kajal? that is why I reduced it by one star good nice lipstick, kajal eyeliner must buy guyz the shade of lipstick is good but I have given only 2 kajals, those too were not waterproof and the packaging was also not good so I have exchanged them best and good in less pric and easy to carry lipsticks eyeliner is also good but kajal is very bad","['shade', 'delivery', 'product']","['packaging', 'eyeliner', 'eyel']",-0.07368308004819256,0
5k6fjf,Apple lipstick 2,3.7,106.0,"Name : Apple lipstick 2|Product Name : Apple lipstick 2|Finish : Long Wearing & Transfer Resistant|Color : Combo Of Red Shade|Type : Waterproof|Net Quantity (N) : 1|Add On : Lip Gloss|Red Mahroom Apple lipstick,||Country of Origin : India",10146.0,2525.0,2.72330565614884,"nice ?product beautiful it's really good quality it is exactly as I asked for, thank you Meesho and I am very happy at such a low price, thank you, thank you Meesho very nice product very nice product very good product","['quality', 'product', 'price']","['lipstick', 'damage', 'application']",0.9750674878302266,1
5b49ob,"MARS Ultra Pigmented Super Soft Ultra Matte Lipstick Long Lasting Pack of 4 (Shade-F, 14.4 g)",4.1,350.0,"Name : MARS Ultra Pigmented Super Soft Ultra Matte Lipstick Long Lasting Pack of 4 (Shade-F, 14.4 g)|Product Name : MARS Ultra Pigmented Super Soft Ultra Matte Lipstick Long Lasting Pack of 4 (Shade-F, 14.4 g)|Brand Name : Mars|Finish : Matte|Color : Nude|Type : Liquid|Net Quantity (N) : 4|Mars Super Soft Creamy Matte Lipstick is the ultimate makeup kit essential, promising lips that look fuller and more luscious. This luxurious lipstick is available in lovely radiant & matte colors that are rich in moisturizing properties, keeping your lips looking fuller and creamier all day long. Enriched with Vitamin E and sunscreen agents with SPF 10, it nourishes and protects your lips from harmful UV rays. The super-soft formula glides on effortlessly, delivering flawless, even coverage for the perfect pout.||Choose from a dazzling array of 4 fabulous matte finishes, and pamper your lips with Mars Lipstick to enhance your beauty. The lipstick features a diamond-cut tip with the Mars logo printed on it for easy application and professional results. Mars Lipsticks are 100% vegetarian and suitable for daily use. Enjoy the benefits of a creamy matte lipstick enriched with Shea Butter for a smooth, long-lasting finish.||Perfect for your makeup kit, this lipstick provides both beauty and protection!|||||||Country of Origin : China",23253.0,8905.0,2.8742198989464445,"shades are so beautiful and so afortable and packaging is also good and it's smells so good you must try it it so lovely thanks Meesho lipsticks are perfect shades are adorable ? price is affordable coz of Meesho live ? :backhand_index_pointing_right: perfect for all of us loved this one I wish u should buy this very nice lipstick, nice product, meesho, I sent it just as you had shown, thank you meesho, you can also get it its nourishing,smooth and very lightweight. it's beautiful overall amazing quality :check_mark_button: colors :check_mark_button: packaging :check_mark_button: nice and superbb quality of this lipstick so smooth, creamy texture... it's not a waterproof but shades was too good :hundred_points: :smiling_face_with_smiling_eyes:","['shade', 'lipstick', 'product']","['glass', 'ote', 'coverage']",1.8495824133061387,1
5utebe,Ronzille Long Lasting Waterproof Non Transfer Liquid Matte Lipstick Set of 10,4.3,257.0,"Name : Ronzille Long Lasting Waterproof Non Transfer Liquid Matte Lipstick Set of 10|Product Name : Ronzille Long Lasting Waterproof Non Transfer Liquid Matte Lipstick Set of 10|Brand Name : RONZILLE|Finish : Matte|Color : Multicolor|Type : Crayon|Net Quantity (N) : 10|lipstick for women, lipstick combo, lipstick liquid waterproof, waterproof lipstick, lipstick set, liquid lipstick, matte lipstick, lip liner with lipstick, nude lipstick, korean lipstick, lipstick palette, nude lipstick matte combo, Ronzille nude lipstick, nude pink lipstick, liquid wala lipstick, mars lipstick matte, brown lipstick matte, mini lipstick kit, Ronzille liquid lipstick, nude shade lipstick, maroon lipstick, Ronzille lipstick, brown lipstick, lipstick lipstick; waterproof lipstick liquid, maroon color lipstick, ronzille lipstick, ronzille, ronzille liquid lipstick, ronzille mini lipstick, lipstick ronzille, ronzille lipstick set, ronzille mini liquid lipstick kit, ronzille blush, ronzille lipstick combo, ronzille lip and cheek tint, ronzille long lasting lipstick, ronzille mini liquid lipstick, ronzille matte lipstick, ronzille long lasting, ronzille nude lipstick, ronzille fantastic lip and cheek, ronzille lip tint, ronzille tint, ronzille pocket matte lipstick set, ronzille mini bullet lipstick set, ronzille lip cheek tint, ronzille lipstick matte, ronzille pocket matte lipstick. ronzille mat lipstick, ronzille long lasting waterproof lipstick||Country of Origin : India",86674.0,32852.0,2.0006678684966963,"very nice very beautiful perfume. :cherry_blossom: please buy red_heart :this: and is really waterproof and march pro I love this product. thanks me show this really good product. get it quickly, this product is very awesome smiling_face_with_heart eyes lipstick was very very nice but too small but I love all the shades thankyou so much Meesho for giving this beautiful parcel. love it omg ??this is soo cuteee lipsticks ??size too much small but quality superr ?? thanks meeshooo? good one...value of money..","['colour', 'lipstick', 'product']","['quantity', 'box', 'size']",1.1606741640232807,1
6jppoo,"RED Edition Set of 12 Liquid Lipsticks Matte Finish Long Lasting Lipstick Combo Pack (Muticolor, 64 ml)",3.9,197.0,"Name : RED Edition Set of 12 Liquid Lipsticks Matte Finish Long Lasting Lipstick Combo Pack (Muticolor, 64 ml)|Product Name : RED Edition Set of 12 Liquid Lipsticks Matte Finish Long Lasting Lipstick Combo Pack (Muticolor, 64 ml)|Finish : Long Wearing & Transfer Resistant|Color : Combo Of Different Color|Type : Liquid|Net Quantity (N) : 1||Country of Origin : India",13710.0,4802.0,2.0645474597257247,"wow awesome I am very happy and unacceptable I did not know that it would turn out so good it is a very beautiful colour it is very good as per the price thanks for me only you guys can purchase it you will not get a better product than this anywhere else and so happy I am very very happy :smiling_face_with_hearts: this time the order was wrong, it was from some other company, it was a reddi quality product, this time I am not happy with the delivery of meesho, the quality was very bad, it seems as if water has been mixed in the vermillion and lipstick has been filled in it, it smells bad and you people should think and understand before ordering this product please :pleading_face: :folded_hands: waterproof lipstick the packing was very good but it did not come as I wanted. 3 colours came from above. I did not want one colour three times. one colour came three times. the quality of the product was very good. the colour as was in the picture on the phone was not all that was in it. different colours came from above. it's very good beautiful","['colour', 'product', 'price']","['quantity', 'gel', 'amount']",0.6120182658878396,1
4oywba,"BEAUTY Professional Color Sensational Liquid Lipstick Combo Pack, Set of 4 Edition Mini Lipsticks Matte Finish Lip Color ( Edition, 20 ml).",4.1,102.0,"Name : BEAUTY Professional Color Sensational Liquid Lipstick Combo Pack, Set of 4 Edition Mini Lipsticks Matte Finish Lip Color ( Edition, 20 ml).|Product Name : BEAUTY Professional Color Sensational Liquid Lipstick Combo Pack, Set of 4 Edition Mini Lipsticks Matte Finish Lip Color ( Edition, 20 ml).|Brand Name : Vagons|Finish : Long Wearing & Transfer Resistant|Color : Nude|Type : Liquid|Net Quantity (N) : 4|Add On : Lip Gloss|BEAUTY Professional Color Sensational Liquid Lipstick Combo Pack, Set of 4 Edition Mini Lipsticks Matte Finish Lip Color ( Edition, 20 ml).||Country of Origin : India",12359.0,4882.0,2.082318357018732,"omg this is a great product I never thought that such a good product would be available for so little money. thank you miss it product is very good thank you just color is very good thank you thank you thank you n very nice product :smiling_face_with_hearts: also these are four lipsticks, give them to someone else for two months, by the way it is a good product, if you want you can buy it this is a very good product.... buy it quickly because it gets out of stock too much, it's smiling_face_with_heart amazing eyes star thumbs_up :struck: I just love it :face_blowing_a_kiss: :heart_suit: it is a very nice colour, I like light colour very much, thank you Meesho","['colour', 'quality', 'product']","['quantity', 'mast', 'size']",0.6696332665019119,1
6t642z,Seven Seas 2 in 1 Lipstick | Full Coverage | Comfortable | 2 in 1 | Lipstick + Liquid Lipstick (Rose),4.2,146.0,"Name : Seven Seas 2 in 1 Lipstick | Full Coverage | Comfortable | 2 in 1 | Lipstick + Liquid Lipstick (Rose)|Product Name : Seven Seas 2 in 1 Lipstick | Full Coverage | Comfortable | 2 in 1 | Lipstick + Liquid Lipstick (Rose)|Brand Name : Seven Seas|Finish : Matte|Color : Next to Nude|Type : Stick|Net Quantity (N) : 1|Seven Seas 2 in 1 Lip DUO lipstick + liquid lipstick is an intensely pigmented lipstick that gives you high coverage color. Try long lasting 2 in 1 lipstick for instant bold lips. Hard to fade, moisturized and silky formula. Lipstick, Makeup, Makeup Kit||Country of Origin : India",5232.0,2280.0,0.7291628858652153,"it's good nude shade very nice I am happy good :thumbs_up_light_skin_tone: product :thumbs_up_light_skin_tone: very nice lipstick :lipstick: delivery is too late, but I like the product its very good, go for it light weight, and much proof. this product is really very good :smiling_face_with_smiling_eyes: I love it, thanks messho","['colour', 'lipstick', 'product']","['quantity', 'del', 'ivery']",-0.8006225831838476,0
5vndv2,"BROWN BLUSH Matte Mini, Combo Of Different Color/ MatteLiquid/ LipstickPack of 8",4.0,121.0,"Name : BROWN BLUSH Matte Mini, Combo Of Different Color/ MatteLiquid/ LipstickPack of 8|Product Name : BROWN BLUSH Matte Mini, Combo Of Different Color/ MatteLiquid/ LipstickPack of 8|Brand Name : Brown Blush|Finish : Matte|Color : Combo Of Different Color|Type : Liquid|Net Quantity (N) : 8|Add On : Lip Gloss||Country of Origin : India",29103.0,13993.0,2.1937789691779166,"I have this lipstick which is 8 pieces, it is very good and money also comes with it, the product is very good and its company is also very good loved it and it has very good pigment e nice product very good thanks Meesho very nyc and beautiful as per price price according product is very good heavy color with nude color very very nice :thumbs_up:","['shade', 'lipstick', 'product']","['calorie', 'delivery', 'size']",0.9420969179061016,1
529ktd,LIPSTIK PAKEOF 4 MATT,3.8,95.0,Name : LIPSTIK PAKEOF 4 MATT|Product Name : LIPSTIK PAKEOF 4 MATT|Finish : Long Wearing & Transfer Resistant|Color : Multicolor|Type : Stick|Net Quantity (N) : 4||Country of Origin : India,6250.0,1522.0,0.788467585859242,"the lipsticks are very pigmented good quality :smiling_face_with_smiling_eyes: it's a completely matte lipstick and it feels awesome it's nice :thumbs_up: I am very very happy thank you Meesho ??i love Meesho nice product,worth the money","['colour', 'lipstick', 'product']","['size', 'mini', 'face']",-0.839482902497076,0
59mkx0,"Ronzille Long Lasting Hydrating Mini Lipstick-Pack of 6 (Nude Edition,6 G)",3.7,130.0,"Name : Ronzille Long Lasting Hydrating Mini Lipstick-Pack of 6 (Nude Edition,6 G)|Product Name : Ronzille Long Lasting Hydrating Mini Lipstick-Pack of 6 (Nude Edition,6 G)|Brand Name : RONZILLE|Finish : Matte|Color : Brown|Type : Liquid|Net Quantity (N) : 6|Makeup kit|Makeup|Lipstick|Ranzille Lipstick Shade Sampler Kit is a miniaturo pack of 6 shades specially curated for you to test out the stay, texture and find a perfect shade to look your best. It is made by cutting out unnecessary ingredients from the formula while making it as wholesome as possible without compromising on the 'glam factor These miniature lipsticks can also be used as a lip balm that nurtures, repairs, and moisturises the lips and makes them look plumped and beautiful at all times lipstick for women, lipstick combo, lipstick liquid waterproof, waterproof lipstick, lipstick set, liquid lipstick, matte lipstick, lip liner with lipstick, nude lipstick, korean lipstick, lipstick palette, nude lipstick matte combo, Ronzille nude lipstick, nude pink lipstick, liquid wala lipstick, mars lipstick matte, brown lipstick matte, mini lipstick kit, Ronzille liquid lipstick, nude shade lipstick, maroon lipstick, Ronzille lipstick, brown lipstick, lipstick lipstick; waterproof lipstick liquid, maroon color lipstick, ronzille lipstick, ronzille, ronzille liquid lipstick, ronzille mini lipstick, lipstick ronzille, ronzille lipstick set, ronzille mini liquid lipstick kit, ronzille blush, ronzille lipstick combo, ronzille lip and cheek tint, ronzille long lasting lipstick, ronzille mini liquid lipstick, ronzille matte lipstick, ronzille long lasting, ronzille nude lipstick, ro||Country of Origin : India",16242.0,6352.0,1.6643123622702831,"very cute very beautiful but very very small :smiling_face_with_smiling_eyes: try!! smell is also good :smiling_face_with_smiling_eyes: very good produced I loved it......nice color same 2 same....thank u the shades are good value of money but one shade was broken so a bit disappointed but not returning overall a good product for a person liking nude shades and beginner friendly I got 6 lipsticks in 114, 5 colors are good, one is a little less good all shades are good,and long losing also","['shade', 'color', 'product']","['size', 'dealer', 'face']",0.10530410450462824,1
5gof6l,"MILA BEAUTÉ Long Wear Matte Lipstick Waterproof & Smudge Proof Lipstick Combo Set of 2, (8.4g) (Shekh Hasina, Fired Up)",4.0,174.0,"Name : MILA BEAUTÉ Long Wear Matte Lipstick Waterproof & Smudge Proof Lipstick Combo Set of 2, (8.4g) (Shekh Hasina, Fired Up)|Product Name : MILA BEAUTÉ Long Wear Matte Lipstick Waterproof & Smudge Proof Lipstick Combo Set of 2, (8.4g) (Shekh Hasina, Fired Up)|Brand Name : MILA BEAUTE|Finish : Matte|Color : Maroon|Type : Crayon|Net Quantity (N) : 2|Enhance your look with our Rich Matte Longwear Lipstick, designed to complement Indian skin tones. Enjoy up to 8 hours of rich, pure matte colour that stays smooth and non-flaking. Enriched with Vitamin E, it nourished your lips, blurs fine lines, and remains bleed-proof. One swipe of this lipstick delivers vibrant, rich colour|||Country of Origin : India",2901.0,809.0,1.23477504179327,"it looks very good, the colour looks elegant, so beautiful I liked it very much :OK_hand: :rose: very nice and beautiful pics beautiful product thank you Meesho :red_heart: very nice lipstick...really thank you Meesho from ? :heart_exclamation: heart... it's good","['lipstick', 'product', 'face']","['color', 'pig', 'price']",-0.4221385876032022,0
kxw6x,"NattyU, Red/ MatteLiquid/ LipstickPack of 12",4.1,206.0,"Name : NattyU, Red/ MatteLiquid/ LipstickPack of 12|Product Name : NattyU, Red/ MatteLiquid/ LipstickPack of 12|Brand Name : NattyU|Finish : Matte|Color : Multicolor|Type : Liquid|Net Quantity (N) : 12|NattyU HB Lipsticks set of 12.|Transfer Proof and Long Lasting|Upto 12 Hours stay|Vibrant colors||Country of Origin : India",18625.0,6772.0,3.8972533159098055,"this is very good, his company is also good, I ordered it twice, both the times it is very good, thank you, you did very good to me and gave me this, it is very good, I applied it for three days and it did not come off, I forcibly took it off for four days, then this went to chota, thank you meesho, thank you, thank you Meesho ???? :heart_exclamation: ??? I am very happy it just fabulous.. water proof ..and long lasting lipstick ..i am so happy :smiling_face_with_smiling_eyes: very good product, order it quickly without thinking it is a very good product, excellent, I installed it yesterday and it has not been removed yet, thank you, I am very happy with the show ?? thank you meesho, I am proud of you wow amazing so cute lipstick and like it was shown to him also it is very nice and so beautiful and like this","['lipstick', 'color', 'product']","['brush', 'quant', 'ity']",2.8718985794219978,1
4oh414,Ronzille Matte Liquid Lipstick Non Transfer Plus Lip gloss Nude Edition Pack of 4,4.0,202.0,"Name : Ronzille Matte Liquid Lipstick Non Transfer Plus Lip gloss Nude Edition Pack of 4|Product Name : Ronzille Matte Liquid Lipstick Non Transfer Plus Lip gloss Nude Edition Pack of 4|Brand Name : RONZILLE|Finish : Matte|Color : Nude|Type : Crayon|Net Quantity (N) : 4|lipstick for women, lipstick combo, lipstick liquid waterproof, waterproof lipstick, lipstick set, liquid lipstick, matte lipstick, lip liner with lipstick, nude lipstick, korean lipstick, lipstick palette, nude lipstick matte combo, Ronzille nude lipstick, nude pink lipstick, liquid wala lipstick, mars lipstick matte, brown lipstick matte, mini lipstick kit, Ronzille liquid lipstick, nude shade lipstick, maroon lipstick, Ronzille lipstick, brown lipstick, lipstick lipstick; waterproof lipstick liquid, maroon color lipstick, ronzille lipstick, ronzille, ronzille liquid lipstick, ronzille mini lipstick, lipstick ronzille, ronzille lipstick set, ronzille mini liquid lipstick kit, ronzille blush, ronzille lipstick combo, ronzille lip and cheek tint, ronzille long lasting lipstick, ronzille mini liquid lipstick, ronzille matte lipstick, ronzille long lasting, ronzille nude lipstick, ronzille fantastic lip and cheek, ronzille lip tint, ronzille tint, ronzille pocket matte lipstick set, ronzille mini bullet lipstick set, ronzille lip cheek tint, ronzille lipstick matte, ronzille pocket matte lipstick. ronzille mat lipstick, ronzille long lasting waterproof lipstick||Country of Origin : India",6485.0,2662.0,1.0649050275735188,"lipstick so good and very long lasting, waterproof I am loving it? these are very lovely shades. these are very good lipsticks for office going girls. I always like ronzille lipsticks. nice packaging. nice lipstick. budget friendly thankyou so much Meesho nice red_heart :smiling_face: :?: quality? very lovely shades, shot on all skintoon like awesome, love love, lots of love for Meesho :red_heart: :sparkles:","['shade', 'lipstick', 'product']","['fragrance', 'water', 'packet']",-0.47236156272499014,0
6q16tj,"MILA BEAUTE Minis Pout Party Lipstick, Long Lasting & Highly Pigmented, 12 Mini Pocket Fit Lipstick - Multicolor (Set B)",4.2,187.0,"Name : MILA BEAUTE Minis Pout Party Lipstick, Long Lasting & Highly Pigmented, 12 Mini Pocket Fit Lipstick - Multicolor (Set B)|Product Name : MILA BEAUTE Minis Pout Party Lipstick, Long Lasting & Highly Pigmented, 12 Mini Pocket Fit Lipstick - Multicolor (Set B)|Brand Name : MILA BEAUTE|Finish : Matte|Color : Multicolor|Type : Stick|Net Quantity (N) : 12|Formerly known as Milap Cosmetics, Ready to take your lip game to the next level? Meet the Mila Beauté Mini Pout Party – your ultimate lip companion. This adorable, portable set features 12 versatile shades that are perfect for on-the-go touch-ups. Whether you're heading to work, a party, or a weekend getaway, these mini matte lipsticks have got you covered. Enjoy long-lasting colour and a rich, velvety finish that stays put all day. With the Mini Pout Party, you can express yourself and experiment with different styles whenever you want. It's time to glam up anytime, anywhere with Mila Beauté!||Country of Origin : India",5659.0,2102.0,1.0984234055248192,"beautiful packaging.all the shades are very good.worth buying.loved. it. it is small in size but is very good. whether it is long lasting or not will be known only after using it. it is very beautiful, the smell is also very good, I liked it very much my niece loved it smiling_face_with_heart beaming_face_with_smiling_eyes :eyes: very very nice product thank you Meesho","['lipstick', 'color', 'product']","['size', 'delivery', 'scent']",-0.40651331590455914,0
1lfhq6,"Ronzille Fantastic Lip and cheek tint pack of 2 (04,06)",4.2,157.0,"Name : Ronzille Fantastic Lip and cheek tint pack of 2 (04,06)|Ronzille 5 in 1 Lipstick 5 Step Lipstick Shade C",43419.0,15830.0,2.7123702058608528,"I really like the packaging of it.what can I say about the product? this is very interesting shade no. 04 is dark chestnut :chestnut: bright maroon and shade no. 06 is blush red a beautiful red with hint of pink ... pigmented lip cheek tint. a must buy product without thinking twice :winking_face: just go for it :hundred_points: :thumbs_up: :check_mark_button: :folded_hands: awesome fantastic awesome fantastic it looks very good it looks pretty it is very good the quality is very good one week more good very good thank you for giving such a good product at such a low price omg so so pretty :cherry_blossom: love the packaging and tint and worth the price thank you color is good, very pigmented, it feels ok on lip not so moisturizing, use lip balm . blushed red is a natural good everyday shade, while dark chestnut is good for special occasions and for girls who like dark shades.","['quality', 'product', 'price']","['chemical', 'taste', 'blending']",1.7890975338689699,1
7rubi9,12 pcs lipstick combo of multi shades,4.2,170.0,Name : 12 pcs lipstick combo of multi shades|Product Name : 12 pcs lipstick combo of multi shades|Brand Name : Brown Blush|Finish : Matte|Color : Multicolor|Type : Liquid|Net Quantity (N) : 12|Add On : Lip Gloss||Country of Origin : India,4232.0,1751.0,0.8632232762591685,"according to res. the colour is very good and the quality is perfect thxxx Meesho for this beautiful matte lipstick it is good, the only thing is that the size is small but it is okay, thank you Meesho the product has come exactly as shown, the color is very lovely, it is also waterproof, I am so happy this product is very good and good","['quality', 'lipstick', 'product']","['material', 'lip', 'size']",-0.6758360628755132,0
5qy98v,Red&Mehron WaterProof Long Lasting Lipsticks,3.9,103.0,"Name : Red&Mehron WaterProof Long Lasting Lipsticks|Product Name : Red&Mehron WaterProof Long Lasting Lipsticks|Finish : Matte|Color : Maroon|Type : Liquid|Net Quantity (N) : 2|Add On : Lip Gloss|Herbal Planet Red lipstick embodies a rich, natural red hue made from botanical extracts, delivering a bold and environmentally-conscious beauty choice. Meanwhile, Mehron Lipstick boasts a waterproof formula, offering an array of shades that provide enduring, vibrant color for a flawless and long-lasting lip finish.||Country of Origin : India",2656.0,1040.0,0.544100827221284,"loved the shades... matte finish lipstick and great packaging but quantity is a little less according to me decent color...stain power is normal..decent quality and quantity for the price. they gave a number saying give a 5 star review for cash back and send a screenshot...it's fake skull :..: it is a very good product, I liked it very much, thank you Meesho smiling_face_with_heart smiling_face_with_heart eyes eyes amazing product thanku crossed_fingers :meesho..: it is my favorite. I have been using it for many years. it has never annoyed me and always sends good product and this time also he sent the best product. now they have even added coins to it and it also sends clothes in great quantity and along with the quality, it is my favorite and I have also suggested this to my friends that this app is very good and it provides good clothes so my friends also use you by the way all my family members use it :smiling_face_with_smiling_eyes: :kissing_face_with_closed_eyes: till now Meesho is my favorite. I have been using it for many years. it has never annoyed me and it always sends good product and this time also he sent the best product. you have sent a very good product, now you have even added coins to it","['quality', 'color', 'product']","['quantity', 'colour', 'face']",-1.0760656266203006,0
irca6,"Colors Queen Color Stay Long Lasting Matte Lipstick for Women (Rich Maroon, 2.1 g)",4.1,213.0,"Name : Colors Queen Color Stay Long Lasting Matte Lipstick for Women (Rich Maroon, 2.1 g)|Product Name : Colors Queen Color Stay Long Lasting Matte Lipstick for Women (Rich Maroon, 2.1 g)|Brand Name : Colors Queen|Finish : Matte|Color : Maroon|Type : Crayon|Net Quantity (N) : 1|Colors Queen is the one-stop beauty destination that gives you access to a comprehensive of Makeup. We bring a new range of Matte Lipstick which is Color Stay. This Lipstick is Non-transfer, Smudge proof and Long lasting. This matte lipstick is your go-anywhere-do-anything fantasy must-have product.||Country of Origin : China",10389.0,3621.0,1.636027676879788,very nyc color :smiling_face_with_smiling_eyes: matt finishing thanku Meesho team :thumbs_up: :check_mark_button: best product..? i'm so happy.. this is a very good product???? very nice colour. nice finishing I am so happy thank you Meesho for this product I love it it is of same color and it is long lasting,"['colour', 'color', 'product']","['smell', 'water', 'delivery']",0.2132618923701956,1
4bnvvm,"Colors Queen Color It All Lip Crayon Lipstick | Non Transfer Lip Crayon with Sharpener (Plum Pick, 3.5g)",4.0,175.0,"Name : Colors Queen Color It All Lip Crayon Lipstick | Non Transfer Lip Crayon with Sharpener (Plum Pick, 3.5g)|Product Name : Colors Queen Color It All Lip Crayon Lipstick | Non Transfer Lip Crayon with Sharpener (Plum Pick, 3.5g)|Brand Name : Colors Queen|Finish : Matte|Color : Pink|Type : Crayon|Net Quantity (N) : 1|Add On : Sharpener|Tint up your lips with the ultra matte weightless perfection. Colors Queen Color It All Lip Crayon is designed with 18 hr long lasting, matte finish, and great comfort. Get high pigmentation, feathery soft feel, and a smudge-proof finish all day long. A rich wear to fashion-up your everyday makeup.||Country of Origin : China",2998.0,1215.0,0.5139076248597727,"very good lipstick good very good product :OK_hand_light_skin_tone: it is very good .... thank you Meesho very good product,go for it good.. very good color as seen.","['shade', 'lipstick', 'product']","['quantity', 'ener', 'sharp']",-1.0719413668093776,0
445luw,Red & Maroon waterproof long lasting lipstick,3.8,105.0,Name : Red & Maroon waterproof long lasting lipstick|Product Name : Red & Maroon waterproof long lasting lipstick|Finish : Matte|Color : Maroon|Type : Liquid|Net Quantity (N) : 2||Country of Origin : India,5116.0,1680.0,1.300284460283752,very nice product I have received coupon code :smiling_face_with_smiling_eyes: after applying this lipstick :lipstick: the face was to much shine nice lipstick is small in size but good clr is good.. it is long lasting.. it has been like that all day long..im happy with these...nice...tysm Meesho I really liked this lipstick awesome product.....very nice...thank you messo,"['lipstick', 'product', 'price']","['mar', 'tone', 'face']",-0.3762769835821035,0
6qwakb,Ronzille Silky Matte Mini Liquid Lipsticks Set Of 10,4.3,279.0,Name : Ronzille Silky Matte Mini Liquid Lipsticks Set Of 10|Product Name : Ronzille Silky Matte Mini Liquid Lipsticks Set Of 10|Finish : Long Wearing & Transfer Resistant|Color : Multicolor|Type : Liquid|Net Quantity (N) : 15||Country of Origin : India,5812.0,2420.0,1.6296927212607568,"it is a mini lipstick but it is very good...i liked it a lot, it is right according to the price... :smiling_face_with_hearts: smiling_face_with_heart smiling_face_with_heart eyes smiling_face_with_heart eyes eyes awesome lipstick :grinning_face: long lasting stay with :grinning_face: waterproof it's amazing, even the shades I thought I wouldn't use turned out to be great! 10 10 would recommend! very beautiful lipstick :smiling_face_with_heart: lipstick eyes the colour is also very good thank you Meesho :thumbs_up: :OK_hand: size is small but quality is very nice...love this product :folded_hands:","['quality', 'lipstick', 'product']","['package', 'quantity', 'size']",0.23442668575477563,1
6kqsvu,"MILA BEAUTE Minis Pout Party Lipstick, Long Lasting & Highly Pigmented, 12 Mini Pocket Fit Lipstick - Multicolor (Set A)",4.1,189.0,"Name : MILA BEAUTE Minis Pout Party Lipstick, Long Lasting & Highly Pigmented, 12 Mini Pocket Fit Lipstick - Multicolor (Set A)|Product Name : MILA BEAUTE Minis Pout Party Lipstick, Long Lasting & Highly Pigmented, 12 Mini Pocket Fit Lipstick - Multicolor (Set A)|Brand Name : MILA BEAUTE|Finish : Matte|Color : Multicolor|Type : Stick|Net Quantity (N) : 12|Formerly known as Milap Cosmetics, Ready to take your lip game to the next level? Meet the Mila Beauté Mini Pout Party – your ultimate lip companion. This adorable, portable set features 12 versatile shades that are perfect for on-the-go touch-ups. Whether you're heading to work, a party, or a weekend getaway, these mini matte lipsticks have got you covered. Enjoy long-lasting colour and a rich, velvety finish that stays put all day. With the Mini Pout Party, you can express yourself and experiment with different styles whenever you want. It's time to glam up anytime, anywhere with Mila Beauté!||Country of Origin : India",3155.0,1086.0,0.8731622066212094,so here's an honest review of this product let me tell you first this is a mini lipstick if I say mini that's means like really mini it's 4 or 5 cm long as u can see in the pictures one row has all the shades of brown and the other row has all the shdes or red pink and maroon it may look like it has no pink shade but it does when I applied it looked so good it's has creamy texture and does not smudge away easily the shades are good but the thing it's mini but also the price is not that height you can buy it after this one finishes. overall I can say it's just mini but let's not judge it because it's smol you can go for it and have a try shades are really nice and i'm impressed it smells nice and I don't think its made of third class chemicals I hope it helps bye 3 got this milap mini lipsticks I got 12 colors in it. all colors are beautiful and amazing. it's very smooth to use. I can match this color with my lots of clothings. its fragrance is also very nice. I am loving this amazing product. it's cost effective and also awesome. packaging is also very nice. good quality and chocolate flavour. beautiful :red_heart: niceeeee product all color a very niceeee good packaging good quality product amazing go for it :smiling_face_with_open_hands: am in love with this shade's must buy this and the packaging is so so cute .i am damn sure that you are not wasting your money in this product thank you milap for launching this beautiful bullet lipstick :heart_exclamation:,"['quality', 'lipstick', 'product']","['stick', 'lip', 'face']",-0.7143768920080833,0
242gvp,RONZILLE Matte liquid lipstick Non Transfer plus Lip gloss Purple Edition Pack of 4,3.9,202.0,Name : RONZILLE Matte liquid lipstick Non Transfer plus Lip gloss Purple Edition Pack of 4|RONZILLE Matte liquid lipstick Non Transfer plus Lip gloss Purple Edition Pack of 4,12227.0,4120.0,1.7369399155993748,"nice product nice color and pigmentation lasts long and nice moisturized texture....gloss is a bit low quality but lip colors are nice it's worth a purchase.... it is very cute, you can take it. I thought it would not be that special but I really like you. it is much cuter than I had thought, but I had ordered some other colour, skin colour. I like it very much. I thank you. very nice long lasting and smudgproof and waterproof lipstick must try I did not expect it to be so amazing, guys you can order now, it is smudge proof, thank you for the delivery, messho and thank you to ronzille cosmetics shop for your amazing products awesome it is very good unexpected... lip gloss is nothing special.... it is long stay waterproof but the lipstick came out when oil was applied....","['lipstick', 'color', 'product']","['charge', 'os', 'size']",0.2494438416361715,1
1lnfeo,"MARS Ultra Pigmented Super Soft Ultra Matte Lipstick Long Lasting Pack of 4 (Shade-D, 14.4 g)",4.1,346.0,"Name : MARS Ultra Pigmented Super Soft Ultra Matte Lipstick Long Lasting Pack of 4 (Shade-D, 14.4 g)|Product Name : MARS Ultra Pigmented Super Soft Ultra Matte Lipstick Long Lasting Pack of 4 (Shade-D, 14.4 g)|Brand Name : Mars|Finish : Matte|Color : Multicolor|Type : Liquid|Net Quantity (N) : 4|Mars Super Soft Creamy Matte Lipstick is an essential addition to your makeup kit, offering the promise of lips that look plumper and more luscious. It comes in a range of lovely radiant and matte colors, rich in moisturizing properties that make your lips look fuller and creamier all day long.||Enriched with Vitamin E and sunscreen agents at SPF 10, this lipstick nourishes and protects your lips from harmful UV rays. Being super soft, the lipstick glides on effortlessly, providing flawless, even coverage for that perfect pout.||With a dazzling array of 4 fabulous matte finishes to choose from, you can find the ideal lip color to suit your mood. Pamper your lips with Mars Lipstick and enhance your natural beauty. Each lipstick features a diamond-cut tip and the Mars logo printed on the tip, ensuring easy application and professional results.||Mars Lipsticks are 100% vegetarian and suitable for daily use. Note : This creamy matte lipstick is enriched with Shea Butter for a smooth, hydrating finish. Perfect for creating stunning looks, it’s a must-have for every makeup lover’s collection!||Country of Origin : China",15850.0,5272.0,1.7096425603380163,"is the product very good? and the packaging is very excellent ?satisfied with the product?? value the money?? same as shown? must go for it?? lipstick is awesome...excellent?????? worth it... must buy... creamy lipstick... nice packaging.. product quality also personally I like this colors affordable price good packing no damages , so many products I buying Meesho all products are good for me thanks ? too good this is very good quality I personally love this product ..thanks a lot Meesho :bouquet: very good product... all lipstick same colour as shown on pics... thanks Meesho","['lipstick', 'product', 'price']","['pigmentation', 'cost', 'formula']",0.39644895971822103,1
5kxuvt,Marroon Combo 2 Lipstick,4.0,95.0,Name : Marroon Combo 2 Lipstick|Product Name : Marroon Combo 2 Lipstick|Finish : Matte|Color : Maroon|Type : Liquid|Net Quantity (N) : 2|Add On : Lip Gloss||Country of Origin : India,7299.0,1591.0,1.2098379783225155,"I liked this but when I opened its cooking, its cap fell off but it is good :smiling_face_with_hearts: smiling_face_with_heart face_blowing_a_kiss :eyes: it is a very good product, you must buy red_heart :it: good very nice,colour amazing as shown in the picture here. nice","['lipstick', 'color', 'product']","['shade', 'tube', 'face']",-0.38923280820945644,0
3drm9l,"Colors Queen Color It All Lip Crayon Lipstick for Women (Night Out, 3.5g)",4.1,201.0,"Name : Colors Queen Color It All Lip Crayon Lipstick for Women (Night Out, 3.5g)|Product Name : Colors Queen Color It All Lip Crayon Lipstick for Women (Night Out, 3.5g)|Brand Name : Colors Queen|Finish : Matte|Color : Maroon|Type : Crayon|Net Quantity (N) : 1|Add On : Sharpener|Colors Queen Color it All Lip Crayon Combines Unrivalled 18 Hour Long Stay and extreme Matte Finish with Ultra Comfort. This Smudge Proof Lip Crayon Delivers a High Colour Payoff While Feeling Weightless on the Lips making your Lips Feel Feathery Soft and Light.||Country of Origin : China",34523.0,11672.0,2.6368997635840334,"it's a very lovely colour wow amazing? very nice lip crayon u can definitely go for it :red_heart: :star: good size nice color free sharpener smudge proof long lasting i'm loving red_heart :this: I got only rs 150 at the time of offer. i'm sooooo happy? thnk u Meesho such a good product but delivery is too late matte finishing go for it beautiful shade for medium to fair skin tone. it's like pinkish red comes with comfortable formula which doesn't make ur lips feel uncomfortable. I liked it? color is so good... smudge proof, matte look, looking good on fair skin tone.","['colour', 'color', 'product']","['quant', 'ity', 'delivery']",1.5827457052592677,1
56s5xc,LIPGLOSS LIPSTICK,3.9,104.0,Name : LIPGLOSS LIPSTICK|Product Name : LIPGLOSS LIPSTICK|Finish : Long Wearing & Transfer Resistant|Color : Combo Of Maroon Shade|Type : Liquid|Net Quantity (N) : 2|Add On : Brush Set|matte lipstick with best quality and best price. thankyou for purchasing.||Country of Origin : India,4393.0,910.0,0.9755184518681285,"there is a little difference in color, otherwise both colors are the same but it is a good lipstick jamaica very nice looking? , , thank you Meesho best colour ..now the lipstick you have played is good.","['lipstick', 'matte', 'product']","['quality', 'color', 'price']",-0.6810299914434375,0
3vqzmj,Red shade 5in1 lipstick with free ads kajal,3.7,95.0,Name : Red shade 5in1 lipstick with free ads kajal|Product Name : Red shade 5in1 lipstick with free ads kajal|Brand Name : GROOVS|Finish : Glossy|Color : Multicolor|Type : Crayon|Net Quantity (N) : 2|Add On : Lip Gloss|Red shade 5in1 lipstick with free ads kajal||Country of Origin : India,5419.0,1669.0,0.7188576730771903,"this product is very nice :smiling_face: and good quality ? lipstick and kajal is very best thx Meesho this lipstick is amazing I have got a free kajal with the lipstick all shades are very nice and price are very affordable :red_heart: good quality? so beautiful lipstick so pigmented is very beautiful thank you me me so shades are good but it's very dry, not smooth at all","['quality', 'lipstick', 'product']","['colour', 'color', 'kaj']",-0.9211764698819199,0
xe5me,BLUSHIS High Defination Smudge proof Waterproof Long lasting Liquid matte Lipstick Non Transfer Common Colour For Daily Use,4.1,147.0,Name : BLUSHIS High Defination Smudge proof Waterproof Long lasting Liquid matte Lipstick Non Transfer Common Colour For Daily Use|Product Name : BLUSHIS High Defination Smudge proof Waterproof Long lasting Liquid matte Lipstick Non Transfer Common Colour For Daily Use|Brand Name : BLUSHIS|Finish : Matte|Color : Nude|Type : Crayon|Net Quantity (N) : 3|Add On : Lip Gloss|A Good Quality Product For You And free gift for each lipstick for all buyers||Country of Origin : India,13324.0,4515.0,1.5681834512532065,"very very beautiful lipsticks. 3 different colours. very soft matte finish, waterproof, worth it. nice product, the type of lipstick is quite good, thanks and it is also waterproof, thank you so much miss you wow so beautiful lipstick? and the color was very lovely? go for it?? thank you so much meesho. you are not there for me, what are you doing?? I got the product just as the image was super quality nice product super shades??thanks Meesho","['colour', 'lipstick', 'product']","['quantity', 'lip', 'taste']",0.14747642040095071,1
6pcoj4,Mamaearth Creamy Matte Long Stay Lipstick with Murumuru Butter and Vitamin E for 8-Hour Long Stay (Flakeproof & Non-Drying | Intense Color Payoff) Cranberry Crush - 4.2g,4.0,347.0,Name : Mamaearth Creamy Matte Long Stay Lipstick with Murumuru Butter and Vitamin E for 8-Hour Long Stay (Flakeproof & Non-Drying | Intense Color Payoff) Cranberry Crush - 4.2g|Product Name : Mamaearth Creamy Matte Long Stay Lipstick with Murumuru Butter and Vitamin E for 8-Hour Long Stay (Flakeproof & Non-Drying | Intense Color Payoff) Cranberry Crush - 4.2g|Finish : Matte|Color : Natural Skin|Type : Crayon|Net Quantity (N) : 1||Country of Origin : India,3007.0,1196.0,0.4680807496871973,very creamy and long lasting..if you are looking for dark shade than you must go for it.. beautiful color :star: good its looks same as shown in picture and good quality product.thanks Meesho nice product thanks Meesho :thumbs_up:,"['shade', 'color', 'product']","['smell', 'delivery', 'finishing']",-1.100401594669085,0
5ejzf8,Dazller All Day Lipcolour|Moisturizing Kokum Butter|Non-Transfer & Smudge-proof|8hr stay|Liquid Lipstick for Women|DLC026 Broad Berry|6g|Maroon|,4.2,188.0,"Name : Dazller All Day Lipcolour|Moisturizing Kokum Butter|Non-Transfer & Smudge-proof|8hr stay|Liquid Lipstick for Women|DLC026 Broad Berry|6g|Maroon||Product Name : Dazller All Day Lipcolour|Moisturizing Kokum Butter|Non-Transfer & Smudge-proof|8hr stay|Liquid Lipstick for Women|DLC026 Broad Berry|6g|Maroon||Brand Name : Dazller|Finish : Matte|Color : Pink. Maroon|Type : Liquid|Net Quantity (N) : 1|Introducing Dazller All Day Lip Colour, the ultimate lip colour for a flawless pout that lasts all day long! Available in 45+ stunning shades, this lip colour is designed to provide ultra-intense matte finish, making a bold statement with every swipe. The unique polymer-formulated formula of Dazller All Day Lip Colour ensures intense colour preservation, so you can enjoy vibrant and long-lasting lip colour without worrying about touch-ups throughout the day. It moisturizes and hydrates your lips, keeping them soft and supple, even in dry conditions. With up to 8 hours of stay, this lip colour is perfect for all-day wear. It is smudge-proof, non-transferable and the lightweight formula feels comfortable on your lips, allowing you to wear it for long hours without any discomfort. The one-swipe application of Dazller All Day Lip Colour ensures easy and precise application, saving you time and effort. Whether you're going for a bold red, a subtle nude, or a trendy berry shade, Dazller All Day Lip Colour has a shade for every occasion and mood. Elevate your lip game with Dazller All Day Lip Colour and enjoy intense, long-lasting, and smudge-proof lip colour that stays put all day, keeping your lips looking flawless and fabulous!||Product Benefits :|• Ultra-long stay|• Smudge-proof|• Non-transfer|• Lightweight|||Country of Origin : India",2240.0,790.0,0.5859280133486492,"this shade is very nice quality :thumbs_up: :thumbs_up_light_skin_tone: iam very happy :beaming_face_with_smiling_eyes: adipoli shade aanu good product but it's not seems long lasting it has come just as it was only after that will we know what kind of lipstick it is very good, I am happy, this color is very beautiful I like it thank you Meesho","['shade', 'color', 'product']","['skin', 'lip', 'price']",-0.9955192391906751,0
5zgkbp,"Ronzille Lip & Cheek Tint | Long Lasting, & Matte",4.1,116.0,"Name : Ronzille Lip & Cheek Tint | Long Lasting, & Matte|Product Name : Ronzille Lip & Cheek Tint | Long Lasting, & Matte|Brand Name : RONZILLE|Finish : Matte|Color : Pink|Type : Crayon|Net Quantity (N) : 1|lipstick for women, lipstick combo, lipstick liquid waterproof, waterproof lipstick, lipstick set, liquid lipstick, matte lipstick, lip liner with lipstick, nude lipstick, korean lipstick, lipstick palette, nude lipstick matte combo, Ronzille nude lipstick, nude pink lipstick, liquid wala lipstick, mars lipstick matte, brown lipstick matte, mini lipstick kit, Ronzille liquid lipstick, nude shade lipstick, maroon lipstick, Ronzille lipstick, brown lipstick, lipstick lipstick; waterproof lipstick liquid, maroon color lipstick, ronzille lipstick, ronzille, ronzille liquid lipstick, ronzille mini lipstick, lipstick ronzille, ronzille lipstick set, ronzille mini liquid lipstick kit, ronzille blush, ronzille lipstick combo, ronzille lip and cheek tint, ronzille long lasting lipstick, ronzille mini liquid lipstick, ronzille matte lipstick, ronzille long lasting, ronzille nude lipstick, ronzille fantastic lip and cheek, ronzille lip tint, ronzille tint, ronzille pocket matte lipstick set, ronzille mini bullet lipstick set, ronzille lip cheek tint, ronzille lipstick matte, ronzille pocket matte lipstick. ronzille mat lipstick, ronzille long lasting waterproof lipstick||Country of Origin : India",10580.0,3791.0,0.9397995667424598,"it's totally worth the price infact...it's the best you can get in this price.. i'm so glad to buy this....it's perfect for daily uses and the quantity is enough though it's not waterproof but still...the texture is so light you won't even feel anything on your lips at all...and it's smells too good...i would recommend everyone this product....totally satisfied... :red_heart: :pinched_fingers_light_skin_tone: it's pigmented but I ordered pink but received red it's not fair but it's okk I ordered lip tint for the first time and it is pretty thumbs_up :good: especially ronzille its like.... wow :astonished_face: upto my expectations really really good... same color good quality and the matte finish uffffffvita so so so so :good: check_mark my beautiful ladies just try and use it then you cannot stop yourselves :smiling_face_with_smiling_eyes: :backhand_index_pointing_up: very nice product I love this :red_heart: thank you Meesho :smiling_face_with_smiling_eyes: in this price this is so good it's work as blush,lipstick and eyeshadow so go girls grab this Meesho product","['color', 'product', 'price']","['smell', 'glass', 'face']",-0.5625163950387356,0
4bnvv8,"Colors Queen Color It All Lip Crayon Lipstick | Non Transfer Lip Crayon with Sharpener (Dynamite Berry, 3.5g)",4.0,175.0,"Name : Colors Queen Color It All Lip Crayon Lipstick | Non Transfer Lip Crayon with Sharpener (Dynamite Berry, 3.5g)|Product Name : Colors Queen Color It All Lip Crayon Lipstick | Non Transfer Lip Crayon with Sharpener (Dynamite Berry, 3.5g)|Brand Name : Colors Queen|Finish : Matte|Color : Red|Type : Crayon|Net Quantity (N) : 1|Add On : Sharpener|Tint up your lips with the ultra matte weightless perfection. Colors Queen Color It All Lip Crayon is designed with 18 hr long lasting, matte finish, and great comfort. Get high pigmentation, feathery soft feel, and a smudge-proof finish all day long. A rich wear to fashion-up your everyday makeup.||Country of Origin : China",3179.0,1341.0,0.5502584675155784,"everything is correct but I had ordered maroon color but got pink, it is beautiful so I kept it :face_blowing_a_kiss: it's good it has come in different colour, I had asked for wine colour, I received red colour, it is useless, I asked for it from meeshu, I hate this colour its too good am happy thank u Meesho :red_heart: awesome lipstick just go for it without any doubt","['quality', 'lipstick', 'product']","['colour', 'delivery', 'boy']",-1.0338998903844219,0
1504gk,"MILA BEAUTÉ LONG WEAR Matte Lipstick, Highly Pigmented Lipsticks for Women, Brown Lipstick (Dolche- 623)",4.0,134.0,"Name : MILA BEAUTÉ LONG WEAR Matte Lipstick, Highly Pigmented Lipsticks for Women, Brown Lipstick (Dolche- 623)|Product Name : MILA BEAUTÉ LONG WEAR Matte Lipstick, Highly Pigmented Lipsticks for Women, Brown Lipstick (Dolche- 623)|Brand Name : MILA BEAUTE|Finish : Matte|Color : Brown|Type : Crayon|Net Quantity (N) : 1|Every girl needs a trusty matte lipstick. One that doesn't budge or nudge from her lips. Long Wear Matte Lips Lipstick is here to give you matte lips and unleash the power of long stay. its luxe texture is what makes it the most converted of all matte lipstick, and spell pure opulence. Just one strokes is all it takes to cover your lips with high impact colour.Mila Beaute Lipstick,Lipstick,Matte lipstick waterproof,Lipstick waterproof,Matte lipsticks for women,Non transfer lipstick,Smudge-proof lipstick,Lipstick combo pack,Lipsticks,Cream lipstick,Red lipstick,Pink lipstick,Coral lipstick,Dark lipstick,Bold lipstick,Long-lasting lipstick,Cruelty-free lipstick,Organic lipstick,Trending lipstick shades,Lipstick for summer,Lipstick for winter,Lipstick Combo Set,lipstick combo,lipstick liquid waterproof,lip liner with lipstick,korean lipstick,lipstick palette,nude lipstick matte combo,Mila Beaute nude lipstick,nude pink lipstick,liquid wala lipstick,Mila Beaute lipstick matte,brown lipstick matte,mini lipstick kit,Mila Beaute liquid lipstick ,nude shade lipstick,maroon lipstick,Mila Beaute lipstick ,brown lipstick,lipstick lipstick,waterproof lipstick liquid,maroon color lipstick|||Country of Origin : India",13152.0,3516.0,1.7701069636662161,"so beautiful so alligator just like wow ???????????????... thank u so much ? this product is very good and i'm so happy tq Meesho nice ya ak number ha libisitika vaoo it is not maroon but keep it, it will be useful for anyone nice product and good quality??","['quality', 'color', 'product']","['mate', 'colour', 'price']",0.2906290582594311,1
7fm1xl,Matte Finish Red Edition Liquid Lipsticks 4in1,3.8,93.0,Name : Matte Finish Red Edition Liquid Lipsticks 4in1|Product Name : Matte Finish Red Edition Liquid Lipsticks 4in1|Net Quantity (N) : 1|Capacity : 80ml|Color : Combo Of Different Color|Water Resistant : Yes|Type : Liquid||Country of Origin : India,9590.0,2260.0,1.5525088957558124,"very nice good. color quality is 2no best :red_heart: :beating_heart: :sparkling_heart: it's color is best and quality is perfect :red_heart: thank you Meesho the product is best but it is not water proof but it is not long lasting, according to the praise it is good super projector Meesho :smiling_face_with_hearts: :smiling_face: :slightly_smiling_face: :OK_hand: :heart_suit:","['quality', 'color', 'product']","['brush', 'water', 'finish']",-0.09316580756221342,0
27b4wn,"RENEE Madness PH Lipstick 3gm| Black Lipstick with Pink Payoff | Long Lasting Nourishment, Enriched with Vitamin E & Jojoba Oil | Vegan & Paraben Free",4.1,396.0,"Name : RENEE Madness PH Lipstick 3gm| Black Lipstick with Pink Payoff | Long Lasting Nourishment, Enriched with Vitamin E & Jojoba Oil | Vegan & Paraben Free|Product Name : RENEE Madness PH Lipstick 3gm| Black Lipstick with Pink Payoff | Long Lasting Nourishment, Enriched with Vitamin E & Jojoba Oil | Vegan & Paraben Free|Brand Name : Renee|Finish : Matte|Color : Black|Type : Crayon|Net Quantity (N) : 1|Enhances natural tone of lips|Enriched with essential oils|Gives a natural colour|Vegan & Paraben Free Formula|A WAND OF MAGIC FOR A SPELL OF COLORRENÉE||Madness PH stick is a stick of absolute magic when you want to keep the affairs of your lips hush hush! It is a lipstick with a bullet that appears black but magically blooms into a sheer, natural pink when applied to your lips. It's like wearing lipstick without letting anyone know you are wearing one! Your lips comealive as they respond to it, giving you a sheer shade of pink that’s perfectly unique to your skin tone. Enriched with Jojoba Oil, Macadamia Oil, Olive Oil, & Shea Butter Oil, this formula puts your lips under a spell of nourishment and a charm of enchantment whenever you wish!||Country of Origin : India",9979.0,3727.0,1.8654651554680324,don't think just go for it guys.... :pink_heart: smells good :red_heart: long lasting :thumbs_up_light_skin_tone: this is excellent product I really like it mashaallah I liked it very much :smiling_face_with_hearts: thanks Meesho :smiling_face_with_hearts: product is so good...m happy the packaging was very good and the lipstick was very good,"['lipstick', 'quality', 'product']","['material', 'tip', 'price']",0.5145652198124125,1
1335kh,"Ronzille Ayurvedic Creamy Set For Lip Hydrating & Moisturizing, Suitable For All Skin Tones Longlasting Crayon Lipstick Smudgeproof & Waterproof (Pack of 12)",4.0,179.0,"Name : Ronzille Ayurvedic Creamy Set For Lip Hydrating & Moisturizing, Suitable For All Skin Tones Longlasting Crayon Lipstick Smudgeproof & Waterproof (Pack of 12)|Product Name : Ronzille Ayurvedic Creamy Set For Lip Hydrating & Moisturizing, Suitable For All Skin Tones Longlasting Crayon Lipstick Smudgeproof & Waterproof (Pack of 12)|Brand Name : RONZILLE|Finish : Matte|Color : Multicolor|Type : Crayon|Net Quantity (N) : 12|Mini Lipstick Set Of 12 lipstick for women, lipstick combo, lipstick liquid waterproof, waterproof lipstick, lipstick set, liquid lipstick, matte lipstick, lip liner with lipstick, nude lipstick, korean lipstick, lipstick palette, nude lipstick matte combo, Ronzille nude lipstick, nude pink lipstick, liquid wala lipstick, mars lipstick matte, brown lipstick matte, mini lipstick kit, Ronzille liquid lipstick, nude shade lipstick, maroon lipstick, Ronzille lipstick, brown lipstick, lipstick lipstick; waterproof lipstick liquid, maroon color lipstick, ronzille lipstick, ronzille, ronzille liquid lipstick, ronzille mini lipstick, lipstick ronzille, ronzille lipstick set, ronzille mini liquid lipstick kit, ronzille blush, ronzille lipstick combo, ronzille lip and cheek tint, ronzille long lasting lipstick, ronzille mini liquid lipstick, ronzille matte lipstick, ronzille long lasting, ronzille nude lipstick, ronzille fantastic lip and cheek, ronzille lip tint, ronzille tint, ronzille pocket matte lipstick set, ronzille mini bullet lipstick set, ronzille lip cheek tint, ronzille lipstick matte, ronzille pocket matte lipstick. ronzille mat lipstick, ronzille long lasting waterproof lipstick||Country of Origin : India",80369.0,21989.0,3.492094062632382,"it is very good, I liked it very much, the size is a bit small but okay this is a mini lipstick, the colour is also very good it is good but it is very small. if it was a little bigger it would have been even better........ very nice but pls use little lip balm before apply this lipstick don't apply directly.... overall nice product :check_mark_button: nice colors. packing is good but one piece is broken. nothing is wrong. yes itsy really cute lipstick? happy? very very good product i'm very happy and satisfied it is very worth full thank you Meesho","['lipstick', 'color', 'product']","['quantity', 'lip', 'size']",2.718340647746477,1
5b552k,MARS Long Lasting Crayon Lipstick up to 12 Hours Stay | Matte Finish | Waterproof | Won't Smudge Won't Budge Lip Crayon (3.5 gm) ( Girl Power - 10 ),4.2,244.0,"Name : MARS Long Lasting Crayon Lipstick up to 12 Hours Stay | Matte Finish | Waterproof | Won't Smudge Won't Budge Lip Crayon (3.5 gm) ( Girl Power - 10 )|Product Name : MARS Long Lasting Crayon Lipstick up to 12 Hours Stay | Matte Finish | Waterproof | Won't Smudge Won't Budge Lip Crayon (3.5 gm) ( Girl Power - 10 )|Brand Name : Mars|Finish : Matte|Color : Brown|Type : Crayon|Net Quantity (N) : 1|The MARS Won't Smudge Won't Budge Matte Lip Crayon is a must-have for your makeup kit, offering a uniquely formulated crayon that comes in a range of 24 gorgeous shades to match every incredible personality you have.||It is :||Highly Pigmented : Delivers rich, bold color in just one swipe.|Long Lasting : Stays put throughout the day without fading.|Transfer-Proof : It won’t budge or transfer, giving you a flawless look that lasts.|Ultra Matte : Dries to a smooth, ultra-matte finish for that perfect pout.||Country of Origin : China",9229.0,3157.0,1.5968015598975058,"Meesho your mall service is better than any other I got it with free sharpener although it's not mentioned there......and delivery is really quick I purchased shade girlpower 10 it's absolutely smudge proof waterproof and transfer proof best for dusky dark brown skin tone....it's suitable for all skin tone it's kinda burnt orange shade with little much hint of brown.....best colour..looks good on everyone without makeup....is one of the best nude lipstick for dusky dark brown skin beauties. wellll.... the lipstick is very lovely and it is not for people with dusky skin, if they want to apply it then they will have to apply it after lip lining, otherwise it is best for people with fair skin and its texture is very creamy and it will also finish very soon. but this lipstick is very thick..... and it is completely water proof.....it is a good lipstick btw...which one it was in real, I told you that, rest is your wish....?? very good lipstick, very tasty colour, it is the best colour, it is waterproof too, I liked it very much, it is very smooth, it moves like house, thanks Meesho :sparkling_heart: :smiling_face_with_hearts: :two_hearts: seriously I didn't expect this type it work like a creamy and nude matte lipstick shade girlpower 10 brown it's very long stay amazing thank you :check_mark_button: same as shown in figure loved it","['shade', 'lipstick', 'product']","['price', 'tone', 'skin']",0.20365297929921167,1
6pv1gx,Seven Seas Matte Mood Non Transfer Crayon Lipstick (Nudy Mauve 3.5g),4.1,190.0,"Name : Seven Seas Matte Mood Non Transfer Crayon Lipstick (Nudy Mauve 3.5g)|Product Name : Seven Seas Matte Mood Non Transfer Crayon Lipstick (Nudy Mauve 3.5g)|Brand Name : Seven Seas|Finish : Matte|Color : Nude|Type : Crayon|Net Quantity (N) : 1|Seven Seas Matte Mood Non Transfer Matte Crayon Lipstick has an unrivalled stay and an extreme matte finish Makeup. This Lipstick is quite comfortable to wear as well. This smudge-proof lip crayon Lipstick has a great colour payoff and feels weightless on the lips, leaving them feeling feathery soft and light. You can easily carry this lipstick in your makeup Kit||Country of Origin : China",3252.0,1352.0,0.6266847903386918,"colour and quality both are great :hundred_points: but the order delivery does not reach the right place :smiling_face_with_tear: quality of lipstick is so good :hundred_points: I didn't expect that the product will come with this much good quality the shades and lipstick is transferproof :red_heart: I like this thank you Meesho :red_heart: it's ok good beautiful lipstick amazing, superb product :red_heart: got for it","['lipstick', 'quality', 'product']","['bon', 'purchase', 'coffee']",-0.9436336629737895,0
5ejzf6,Dazller All Day Lipcolour|Moisturizing Kokum Butter|Brown Liquid Lipstick for Women|Non-Transfer|8hr stay|DLC025 Hazelnut Cup|6g,4.1,187.0,"Name : Dazller All Day Lipcolour|Moisturizing Kokum Butter|Brown Liquid Lipstick for Women|Non-Transfer|8hr stay|DLC025 Hazelnut Cup|6g|Product Name : Dazller All Day Lipcolour|Moisturizing Kokum Butter|Brown Liquid Lipstick for Women|Non-Transfer|8hr stay|DLC025 Hazelnut Cup|6g|Brand Name : Dazller|Finish : Matte|Color : Brown|Type : Liquid|Net Quantity (N) : 1|Introducing Dazller All Day Lip Colour, the ultimate lip colour for a flawless pout that lasts all day long! Available in 45+ stunning shades, this lip colour is designed to provide ultra-intense matte finish, making a bold statement with every swipe. The unique polymer-formulated formula of Dazller All Day Lip Colour ensures intense colour preservation, so you can enjoy vibrant and long-lasting lip colour without worrying about touch-ups throughout the day. It moisturizes and hydrates your lips, keeping them soft and supple, even in dry conditions. With up to 8 hours of stay, this lip colour is perfect for all-day wear. It is smudge-proof, non-transferable and the lightweight formula feels comfortable on your lips, allowing you to wear it for long hours without any discomfort. The one-swipe application of Dazller All Day Lip Colour ensures easy and precise application, saving you time and effort. Whether you're going for a bold red, a subtle nude, or a trendy berry shade, Dazller All Day Lip Colour has a shade for every occasion and mood. Elevate your lip game with Dazller All Day Lip Colour and enjoy intense, long-lasting, and smudge-proof lip colour that stays put all day, keeping your lips looking flawless and fabulous!||Product Benefits :|• Ultra-long stay|• Smudge-proof|• Non-transfer|• Lightweight|||Country of Origin : India",9261.0,3113.0,1.5662946353556093,awesome shade... seriously guys go for it. I love this shade very lightweight and fast delivery thanq red_heart :meeshoo: this awesome shade. this lipstick so good :white_heart: l love it hight quality delivery and this product so good :see: backhand_index_pointing_right_light_skin_tone no evil_monkey this shade was really awesome :red_heart: I loved this shade I reallyy obsevrdwiththis I liked it toooo much thnqu Meesho it is an amazing lipstick and i'm buying this in second time. its quantity and quality is no compromise. the lipstick shade comes dlc025 :brown_heart: :pinched_fingers_medium_skin_tone:,"['shade', 'delivery', 'product']","['quantity', 'opsy', 'hood']",0.10863552768484684,1
5num9x,"MILA BEAUTÉ Matte Stick Lipstick, Long lasting lipsticks, Lipstick for Women, Lipstick pack of 1, Manhattan Rose",4.0,95.0,"Name : MILA BEAUTÉ Matte Stick Lipstick, Long lasting lipsticks, Lipstick for Women, Lipstick pack of 1, Manhattan Rose|Product Name : MILA BEAUTÉ Matte Stick Lipstick, Long lasting lipsticks, Lipstick for Women, Lipstick pack of 1, Manhattan Rose|Brand Name : MILA BEAUTE|Finish : Matte|Color : Coral Pink|Type : Stick|Net Quantity (N) : 1|Searching for the perfect matte lipstick for everyday wear? Look no further than Mila Beauté Matte Lipstick. This lipstick delivers an intense, long-lasting matte finish that you can count on. Its highly pigmented and lightweight formula offers full coverage with a smooth, easy glide. Ideal for any occasion, this lipstick ensures vibrant colour that stays put from morning till night. Elevate your daily look with the flawless matte finish of Mila Beauté Matte Lipstick! Mila beaute Lipstick,Lipstick,Matte lipstick waterproof,Lipstick waterproof,Matte lipsticks for women,Non transfer lipstick,Smudge-proof lipstick,Lipstick combo pack,Lipsticks,Cream lipstick,Red lipstick,Pink lipstick,Coral lipstick,Dark lipstick,Bold lipstick,Long-lasting lipstick,Cruelty-free lipstick,Organic lipstick,Trending lipstick shades,Lipstick for summer,Lipstick for winter,Lipstick Combo Set,lipstick combo,lipstick liquid waterproof,lip liner with lipstick,korean lipstick,lipstick palette,nude lipstick matte combo,Mila nude lipstick,nude pink lipstick,liquid wala lipstick.|||Country of Origin : India",2111.0,613.0,1.2754629792302734,"nice iam soo happy nice smiling_face_with_smiling_eyes :product: please don't buy it, it comes off immediately from the lips, it is neither long lasting nor waterproof, it is normal which will be available cheaper than this in the market so beautiful. very nice","['lipstick', 'color', 'product']","['item', 'fare', 'podka']",-0.45527318801187083,0
2u1r73,"MILA Beaute Matte Lipstick, Long lasting lipsticks, Lipstick for Women, 4.2gm Each, Lipstick Combo pack of 3 (Cloud 9 , Laroosh , Glamorous)",4.2,225.0,"Name : MILA Beaute Matte Lipstick, Long lasting lipsticks, Lipstick for Women, 4.2gm Each, Lipstick Combo pack of 3 (Cloud 9 , Laroosh , Glamorous)|Product Name : MILA Beaute Matte Lipstick, Long lasting lipsticks, Lipstick for Women, 4.2gm Each, Lipstick Combo pack of 3 (Cloud 9 , Laroosh , Glamorous)|Brand Name : MILA BEAUTE|Finish : Matte|Color : Maroon|Type : Stick|Net Quantity (N) : 3|The Lipstick of your fantasies is finally here. Get ready to applaud utter gorgeousness with MILA BEAUTE Matte lips lipstick. Mila Beaute brings you rich experience of color that has smooth application, Intense, water resistance, premium opaque matte finish that doesn't feel heavy on the lips but provides them with plush comfortable wear. Long lasting these extra ordinary shades have been curated to complement every mood.|Milap Lipstick,Lipstick,Matte lipstick waterproof,Lipstick waterproof,Matte lipsticks for women,Non transfer lipstick,Smudge-proof lipstick,Lipstick combo pack,Lipsticks,Cream lipstick,Red lipstick,Pink lipstick,Coral lipstick,Dark lipstick,Bold lipstick,Long-lasting lipstick,Cruelty-free lipstick,Organic lipstick,Trending lipstick shades,Lipstick for summer,Lipstick for winter,Lipstick Combo Set,lipstick combo,lipstick liquid waterproof,lip liner with lipstick,korean lipstick,lipstick palette,nude lipstick matte combo,Mila Beaute nude lipstick,nude pink lipstick,liquid wala lipstick,Mila beaute lipstick matte,brown lipstick matte,mini lipstick kit,Mila beaute liquid lipstick ,nude shade lipstick,maroon lipstick,Mila beaute lipstick ,brown lipstick,lipstick lipstick,waterproof lipstick liquid,maroon color lipstick|||Country of Origin : India",18529.0,6144.0,1.1907242005702081,"yrr such beautiful cooking and such a nice smiling_face_with_open_hands :my: lipstick heart is very happy I would have given number 10 as I had thought the parcel came much better than that and it was delivered before time thank you thank you thank you messo :smiling_face_with_hearts: you will not get such good lipstick anywhere else in such a short distance, you guys should also buy it friend, don't think about it such a beautiful product I liked all color .it's creamy vanilla fragrence .and delivery was so far thank you so much very nice message thank you please send it like this I feel very happy love you it is very good, the colour is also the same, I liked it very much, please always send me like this, perfect his cap is broken, I am so sad, you have done a lot of bad, do the cooking properly, what harm will it do to you, we have suffered the loss. now if we return it, it will take 7 days???? what to do, now we will have to wait, it is not long lasting","['lipstick', 'color', 'product']","['coverage', 'dish', 'polish']",-0.16912451478926394,0
1blfrk,RONZILLE Pocket Mini Bullet Lipstick Set of 12 Shade A,4.1,179.0,Name : RONZILLE Pocket Mini Bullet Lipstick Set of 12 Shade A|RONZILLE Pocket Mini Bullet Lipstick Set of 12 Shade A,5531.0,1631.0,0.9678560215604202,packing was good... new lipstick users can buy for to try colours...this is travel friendly product... smell was like mild caramel coming that also not bad...no any chemical smell...the product is too small quality also not perfect...but worth for the price... lipstick shades is nice..but lipstick size is very small..but lipstick is quite good not so glossy and not so matte.. just ok! but the size of these lipsticks is very small but I really loved it!!! it is very good :red_heart: ??but it is very small?? its smell was bad like chemical ...but packaging was good but it's worth for that price I didn't recommend to others for daily use...,"['shade', 'color', 'product']","['smell', 'size', 'price']",-0.5815423405661277,0
4kbrvx,"MILA BEAUTE Long Stay Matte Lipstick, Long Lasting Lipsticks for women, Pink Lipstick & Red Lipstick(4.2g Each)",4.1,172.0,"Name : MILA BEAUTE Long Stay Matte Lipstick, Long Lasting Lipsticks for women, Pink Lipstick & Red Lipstick(4.2g Each)|Product Name : MILA BEAUTE Long Stay Matte Lipstick, Long Lasting Lipsticks for women, Pink Lipstick & Red Lipstick(4.2g Each)|Brand Name : MILA BEAUTE|Finish : Matte|Color : Multicolor|Type : Stick|Net Quantity (N) : 2|The Lipstick of your fantasies is finally here. Get ready to applaud utter gorgeousness with MILA BEAUTE Matte lips lipstick. Mila BEAUTE brings you rich experience of color that has smooth application, Intense, water resistance, premium opaque matte finish that doesn't feel heavy on the lips but provides them with plush comfortable wear. Long lasting these extra ordinary shades have been curated to complement every mood.|Mila beaute Lipstick,Lipstick,Matte lipstick waterproof,Lipstick waterproof,Matte lipsticks for women,Non transfer lipstick,Smudge-proof lipstick,Lipstick combo pack,Lipsticks,Cream lipstick,Red lipstick,Pink lipstick,Coral lipstick,Dark lipstick,Bold lipstick,Long-lasting lipstick,Cruelty-free lipstick,Organic lipstick,Trending lipstick shades,Lipstick for summer,Lipstick for winter,Lipstick Combo Set,lipstick combo,lipstick liquid waterproof,lip liner with lipstick,korean lipstick,lipstick palette,nude lipstick matte combo,Mila beaute nude lipstick,nude pink lipstick,liquid wala lipstick,Mila beaute lipstick matte,brown lipstick matte,mini lipstick kit,Mila beaute liquid lipstick ,nude shade lipstick,maroon lipstick,Mila beaute lipstick ,brown lipstick,lipstick lipstick,waterproof lipstick liquid,maroon color lipstick|||Country of Origin : India",14210.0,4365.0,1.0092876468492988,"nice ??good product I am happy :smiling_face: ?? awesome, super???fully satisfied it's very good super se v upper? beautifully ??????","['colour', 'product', 'face']","['shade', 'service', 'delivery']",-0.449746377821901,0
6vedpl,Waterproof Long Lasting Liquid Matte Lipsticks,4.0,151.0,Name : Waterproof Long Lasting Liquid Matte Lipsticks|Product Name : Waterproof Long Lasting Liquid Matte Lipsticks|Finish : Long Wearing & Transfer Resistant|Color : 10 Light|Type : Liquid|Net Quantity (N) : 6||Country of Origin : India,4123.0,1750.0,0.9231614480407284,"I had ordered 6 sizes but messi gave me 8 sizes, it is water proof, the color combination is also awesome, the order was from someone else, it is someone else's but this is also awesome, very awesome I am totally impressed, thanks messi for this product satisfied with the colour. it gives a powdery finish. it is drying on lips. it is not full coverage. you need to apply it more than one swipe for full coverage. but overall the product is good. it is smudge proof. I didn't expect this much this is too good .i got 8 lipstick and loved all the colors nd fragrance :red_heart: :ribbon: :hibiscus: I love this product :red_heart: it is a very lovely shade, you can wear it without thinking, it has a smooth finish and is long lasting too, it will not fade even if you cut it :smiling_face_with_hearts: :face_blowing_a_kiss: I am so happy :red_heart: I ordered 6, I received 8 but the quantity is very less so I gave one less :,: star the colour is also different but I like it :slightly_smiling_face:","['shade', 'color', 'product']","['quantity', 'smell', 'delivery']",-0.6657532148925288,0
3c1ykd,RONZILLE Long Stay Creamy Matte Lipstick With Intense Colour Shade-01,3.9,136.0,"Name : RONZILLE Long Stay Creamy Matte Lipstick With Intense Colour Shade-01|Product Name : RONZILLE Long Stay Creamy Matte Lipstick With Intense Colour Shade-01|Brand Name : RONZILLE|Finish : Matte|Color : Red|Type : Crayon|Net Quantity (N) : 1|Makeup kit|Makeup|Lipstick|lipstick for women, lipstick combo, lipstick liquid waterproof, waterproof lipstick, lipstick set, liquid lipstick, matte lipstick, lip liner with lipstick, nude lipstick, korean lipstick, lipstick palette, nude lipstick matte combo, Ronzille nude lipstick, nude pink lipstick, liquid wala lipstick, mars lipstick matte, brown lipstick matte, mini lipstick kit, Ronzille liquid lipstick, nude shade lipstick, maroon lipstick, Ronzille lipstick, brown lipstick, lipstick lipstick; waterproof lipstick liquid, maroon color lipstick, ronzille lipstick, ronzille, ronzille liquid lipstick, ronzille mini lipstick, lipstick ronzille, ronzille lipstick set, ronzille mini liquid lipstick kit, ronzille blush, ronzille lipstick combo, ronzille lip and cheek tint, ronzille long lasting lipstick, ronzille mini liquid lipstick, ronzille matte lipstick, ronzille long lasting, ronzille nude lipstick, ronzille fantastic lip and cheek, ronzille lip tint, ronzille tint, ronzille pocket matte lipstick set, ronzille mini bullet lipstick set, ronzille lip cheek tint, ronzille lipstick matte, ronzille pocket matte lipstick. ronzille mat lipstick, ronzille long lasting waterproof lipstick||Country of Origin : India",3443.0,1302.0,0.47588009612816573,"colour is good but I had placed 2 orders and received only one, money for both, service is bad it is correct but the shade is not the same, the colour has been changed, I had sent red, maroon super :kissing_face_with_closed_eyes: very good product thank you thumbs_up_light_skin_tone :folded_hands: :messho: nice products. texture is good. long lasting. color is not a dark red colour. it's just a light shade of tomato color but looking nice.","['color', 'product', 'texture']","['package', 'shade', 'service']",-1.1196236392364538,0
157rai,Ronzille Mini Bullet Lipstick Set of 12 Shade A,4.0,179.0,"Name : Ronzille Mini Bullet Lipstick Set of 12 Shade A|Product Name : Ronzille Mini Bullet Lipstick Set of 12 Shade A|Brand Name : RONZILLE|Finish : Matte|Color : Multicolor|Type : Crayon|Net Quantity (N) : 12|Matte Lipstick lipstick for women, lipstick combo, lipstick liquid waterproof, waterproof lipstick, lipstick set, liquid lipstick, matte lipstick, lip liner with lipstick, nude lipstick, korean lipstick, lipstick palette, nude lipstick matte combo, Ronzille nude lipstick, nude pink lipstick, liquid wala lipstick, mars lipstick matte, brown lipstick matte, mini lipstick kit, Ronzille liquid lipstick, nude shade lipstick, maroon lipstick, Ronzille lipstick, brown lipstick, lipstick lipstick; waterproof lipstick liquid, maroon color lipstick, ronzille lipstick, ronzille, ronzille liquid lipstick, ronzille mini lipstick, lipstick ronzille, ronzille lipstick set, ronzille mini liquid lipstick kit, ronzille blush, ronzille lipstick combo, ronzille lip and cheek tint, ronzille long lasting lipstick, ronzille mini liquid lipstick, ronzille matte lipstick, ronzille long lasting, ronzille nude lipstick, ronzille fantastic lip and cheek, ronzille lip tint, ronzille tint, ronzille pocket matte lipstick set, ronzille mini bullet lipstick set, ronzille lip cheek tint, ronzille lipstick matte, ronzille pocket matte lipstick. ronzille mat lipstick, ronzille long lasting waterproof lipstick||Country of Origin : India",32133.0,9527.0,3.033708289666732,it is okay.... it is soft :thumbs_up: but it is very small.... I knew that it is small but it is so small.... I didn't feel that way.... and it is not long lasting.... but it is the best to take out in many other places........ :slightly_smiling_face: got the product the color are good and quality is also good in just 112rs. but the size is too small very nice lipstick no chemical smell at all. very pigmented. creamy. bestttt for ppl like me who don't understand what lipstick clrs suits u. go for it 130 me itna sub ny milta. mast hye product according to price awesome hye but lipstick set small hye thoda lekin all about color 1 dum mst hye thanku meshoooo??? beautiful al lipstick colors r goid yes ! I like it? ?uuummmhh,"['color', 'product', 'price']","['quant', 'transfer', 'size']",1.9120086038058608,1
1axxae,Colors Queen Color Stay Long Lasting Matte Lipstick for Women (Magenta),4.1,210.0,"Name : Colors Queen Color Stay Long Lasting Matte Lipstick for Women (Magenta)|Product Name : Colors Queen Color Stay Long Lasting Matte Lipstick for Women (Magenta)|Brand Name : Colors Queen|Finish : Matte|Color : Pink|Type : Crayon|Net Quantity (N) : 1|The matte, long-lasting texture gives you pout-worthy lips in one stroke. It effortlessly on your lips, giving you a gorgeous soft matte finish. Plush, pigment-rich formula | intense colour pay-off | smooth textured stroke application | luxurious, effortless glide | soft matte finish. The Colors Queen New Colors Stay Non Transfer Matte Lipstick||Country of Origin : China",2023.0,671.0,0.6045805187643443,"I asked for 2 lipsticks, both were very nice, whatever you wanted came, thanks misho? nice product? it seems as if you have sent it by mistake, what kind of app you guys ruin my mind, I have been shopping for so many years but you always get angry, I got a gift for this lipstick, I everyone did not get anything, even after shopping so much I do not get any gift, now whatever I am exchanging, please send that good product brother the product is very good it came out absolutely correct thank you messhu nice","['lipstick', 'color', 'product']","['gold', 'pigmentation', 'finish']",-0.9958959316724673,0
2ef2nk,Colors Queen Color Stay Long Lasting Matte Lipstick for Women (Nudit),3.9,219.0,"Name : Colors Queen Color Stay Long Lasting Matte Lipstick for Women (Nudit)|Product Name : Colors Queen Color Stay Long Lasting Matte Lipstick for Women (Nudit)|Brand Name : Colors Queen|Finish : Matte|Color : Nude|Type : Waterproof|Net Quantity (N) : 1|The lipstick of your fantasies is here, presenting Colors Queen Color Stay Long Lasting Non Transfer Matte Lipstick a more than perfect 12-15 hrs non transfer lipstick. This lisptick has creamy matte texture, lustrous, moistures and water resistant formula gives your lips flawless finish. Discover a long lasting matte lipstick keeps your lips moisturized. Colors Queen Colors Stay matte lipstick comes in 26 trendy shades. A perfect match for a woman who wants to look bold and make the best of herself. This Non Transfer Matte lipsticks for women promises an unbeatable indulgent experience of intense color and nourishing formula.||Country of Origin : China",2995.0,1202.0,0.8594155271831635,"main confused thi order kru ya nhi but jb aayi really gjb .. waterproof and long lasting sade bhi mast red_heart :go: h... for it really its awesome, thish lipstick is very suitable for medium to fair skin, just go for it, thank you :heart_exclamation: so much meesho. makkhan is an ekadam I love it this lip shade is awesome highly highly recommend smiling_cat_with_heart . eyes :star: I am so happy the lipstick is very nice but the color which was magical is not there but no one else please tell damn","['lipstick', 'product', 'texture']","['quantity', 'quality', 'finish']",-0.7602775897982674,0
4x30o7,Mamaearth Soft Matte Long Stay Lipsticks with Jojoba Oil & Vitamin E for 12 Hour Long Stay - 07 Ruby Red - 3.5 g,4.1,341.0,"Name : Mamaearth Soft Matte Long Stay Lipsticks with Jojoba Oil & Vitamin E for 12 Hour Long Stay - 07 Ruby Red - 3.5 g|Product Name : Mamaearth Soft Matte Long Stay Lipsticks with Jojoba Oil & Vitamin E for 12 Hour Long Stay - 07 Ruby Red - 3.5 g|Brand Name : Mamaearth|Finish : Matte|Color : Red|Type : Crayon|Net Quantity (N) : 1|Dreaming of a matte lipstick that doesn’t dry your lips and gives them gorgeous color? We’ve made it happen! Introducing Mamaearth Soft Matte Long Stay Lipstick - a comfortable, long-wear lipstick with rich color payoff that stays on for 12 hours.|Crafted with the natural goodness of Jojoba Oil & Vitamin E, the lipstick has a non-drying formula and adds a lush color to your lips, keeping them soft and smooth. Jojoba Oil softens while Vitamin E intensely moisturizes. Lightweight and waterproof, the Soft Matte Long Stay Lipstick doesn’t smudge and gives your lips high-intensity color in just one stroke.|Available in 9 mattelicious shades, you can choose from everyday nudes, delicate pinks, and fiery reds that are the perfect finish to your everyday makeup. Wait, there’s more! Our lipsticks are also Made Safe Certified, which means no toxins, just the goodness of natural ingredients.||Country of Origin : India",2686.0,931.0,0.8764418335211306,"beautiful texture and long lasting :heart_suit: excellent very skin friendly, smooth, bright, completely herbal, harmless for health and good for lips. so why wait book now please. thank you so much upto infinity forever :sparkling_heart: :orange_heart: :glowing_star: this lipstick is very good my first paragraph was good beautiful color and long lasting amazing lipstick?","['lipstick', 'product', 'texture']","['item', 'quality', 'lip']",-0.6998966549990557,0
